[
    {
        "model": "api.provider",
        "pk": 1,
        "fields": {
            "name": "Amazon",
            "code": "az",
            "enabled": true,
            "quickstart": 1,
            "launch_time": 180
        }
    },
    {
        "model": "api.provider",
        "pk": 2,
        "fields": {
            "name": "Rackspace",
            "code": "rs",
            "enabled": true,
            "quickstart": 19,
            "launch_time": 300
        }
    },
    {
        "model": "api.provider",
        "pk": 3,
        "fields": {
            "name": "Test",
            "code": "test",
            "enabled": false,
            "quickstart": 25,
            "launch_time": 60
        }
    },
    {
        "model": "api.provider",
        "pk": 4,
        "fields": {
            "name": "HP Cloud",
            "code": "hp",
            "enabled": false,
            "quickstart": 28,
            "launch_time": 300
        }
    },
    {
        "model": "api.provider",
        "pk": 5,
        "fields": {
            "name": "LayeredTech",
            "code": "layeredtech",
            "enabled": false,
            "quickstart": 29,
            "launch_time": 300
        }
    },
    {
        "model": "api.provider",
        "pk": 6,
        "fields": {
            "name": "DataPipe",
            "code": "datapipe",
            "enabled": false,
            "quickstart": 30,
            "launch_time": 300
        }
    },
    {
        "model": "api.provider",
        "pk": 7,
        "fields": {
            "name": "Google Compute Engine",
            "code": "gce",
            "enabled": true,
            "quickstart": 34,
            "launch_time": 120
        }
    },
    {
        "model": "api.provider",
        "pk": 8,
        "fields": {
            "name": "ProfitBricks",
            "code": "pb",
            "enabled": false,
            "quickstart": 43,
            "launch_time": 300
        }
    },
    {
        "model": "api.region",
        "pk": 1,
        "fields": {
            "provider": 1,
            "code": "us-west-1",
            "name": "EC2 US West (Northern California)",
            "image": "ami-1aeadc5f",
            "lbr_region": "us-west-1",
            "key_name": "dbaas",
            "security_group": "dbaas",
            "latitude": 41.48,
            "longitude": -120.53
        }
    },
    {
        "model": "api.region",
        "pk": 2,
        "fields": {
            "provider": 1,
            "code": "us-west-2",
            "name": "EC2 US West (Oregon)",
            "image": "ami-1edf442e",
            "lbr_region": "us-west-2",
            "key_name": "dbaas",
            "security_group": "dbaas",
            "latitude": 46.15,
            "longitude": -123.88
        }
    },
    {
        "model": "api.region",
        "pk": 3,
        "fields": {
            "provider": 1,
            "code": "us-east-1",
            "name": "EC2 US East (Northern Virginia)",
            "image": "ami-253d674c",
            "lbr_region": "us-east-1",
            "key_name": "dbaas",
            "security_group": "dbaas",
            "latitude": 38.13,
            "longitude": -78.45
        }
    },
    {
        "model": "api.region",
        "pk": 4,
        "fields": {
            "provider": 1,
            "code": "eu-west-1",
            "name": "EC2 EU (Ireland)",
            "image": "ami-bf6280c8",
            "lbr_region": "eu-west-1",
            "key_name": "dbaas",
            "security_group": "dbaas",
            "latitude": 53,
            "longitude": -8
        }
    },
    {
        "model": "api.region",
        "pk": 5,
        "fields": {
            "provider": 1,
            "code": "ap-northeast-1",
            "name": "EC2 Asia Pacific (Tokyo)",
            "image": "ami-61711560",
            "lbr_region": "ap-northeast-1",
            "key_name": "dbaas",
            "security_group": "dbaas",
            "latitude": 35.41,
            "longitude": 139.42
        }
    },
    {
        "model": "api.region",
        "pk": 6,
        "fields": {
            "provider": 1,
            "code": "ap-southeast-1",
            "name": "EC2 Asia Pacific (Singapore)",
            "image": "ami-82b5e0d0",
            "lbr_region": "ap-southeast-1",
            "key_name": "dbaas",
            "security_group": "dbaas",
            "latitude": 1.37,
            "longitude": 103.8
        }
    },
    {
        "model": "api.region",
        "pk": 7,
        "fields": {
            "provider": 1,
            "code": "ap-southeast-2",
            "name": "EC2 Asia Pacific (Sydney)",
            "image": "ami-e367fbd9",
            "lbr_region": "ap-southeast-2",
            "key_name": "dbaas",
            "security_group": "dbaas",
            "latitude": -33.8683,
            "longitude": 151.2111
        }
    },
    {
        "model": "api.region",
        "pk": 8,
        "fields": {
            "provider": 1,
            "code": "sa-east-1",
            "name": "EC2 South America (Sao Paulo)",
            "image": "ami-1750f60a",
            "lbr_region": "sa-east-1",
            "key_name": "dbaas",
            "security_group": "dbaas",
            "latitude": -23.34,
            "longitude": -46.38
        }
    },
    {
        "model": "api.region",
        "pk": 9,
        "fields": {
            "provider": 2,
            "code": "ord",
            "name": "Rackspace Chicago",
            "image": "86f2ede3-ec20-406d-a9d4-f404d022c928",
            "lbr_region": "us-east-1",
            "key_name": "dbaas",
            "security_group": "",
            "latitude": 41.8819,
            "longitude": -87.65
        }
    },
    {
        "model": "api.region",
        "pk": 10,
        "fields": {
            "provider": 2,
            "code": "dfw",
            "name": "Rackspace Dallas",
            "image": "ae788d8e-273b-4d65-9534-370b7685df8d",
            "lbr_region": "us-west-1",
            "key_name": "dbaas",
            "security_group": "",
            "latitude": 32.7828,
            "longitude": -96.7967
        }
    },
    {
        "model": "api.region",
        "pk": 11,
        "fields": {
            "provider": 2,
            "code": "syd",
            "name": "Rackspace Sydney",
            "image": "d7cbae42-ef5b-4989-b34c-4e6c4130795e",
            "lbr_region": "ap-southeast-2",
            "key_name": "dbaas",
            "security_group": "",
            "latitude": -33.8683,
            "longitude": 151.2111
        }
    },
    {
        "model": "api.region",
        "pk": 26,
        "fields": {
            "provider": 2,
            "code": "lon",
            "name": "Rackspace London",
            "image": "c605e3cc-016b-4f61-b1b2-304f052a66e6",
            "lbr_region": "eu-west-1",
            "key_name": "dbaas",
            "security_group": "",
            "latitude": 51,
            "longitude": 0
        }
    },
    {
        "model": "api.region",
        "pk": 12,
        "fields": {
            "provider": 3,
            "code": "test-1",
            "name": "Test One",
            "image": "image-test-1",
            "lbr_region": "test",
            "key_name": "dbaas",
            "security_group": "",
            "latitude": 90,
            "longitude": 0
        }
    },
    {
        "model": "api.region",
        "pk": 13,
        "fields": {
            "provider": 3,
            "code": "test-2",
            "name": "Test Two",
            "image": "image-test-2",
            "lbr_region": "test",
            "key_name": "dbaas",
            "security_group": "",
            "latitude": -90,
            "longitude": 0
        }
    },
    {
        "model": "api.region",
        "pk": 14,
        "fields": {
            "provider": 3,
            "code": "test-3",
            "name": "Test Three",
            "image": "image-test-3",
            "lbr_region": "test",
            "key_name": "dbaas",
            "security_group": "",
            "latitude": 0,
            "longitude": 0
        }
    },
    {
        "model": "api.region",
        "pk": 15,
        "fields": {
            "provider": 4,
            "code": "hp",
            "name": "Unspecified HP Cloud",
            "image": "xxx",
            "lbr_region": "test",
            "key_name": "dbaas",
            "security_group": "",
            "latitude": 0,
            "longitude": 0
        }
    },
    {
        "model": "api.region",
        "pk": 16,
        "fields": {
            "provider": 5,
            "code": "layeredtech",
            "name": "Unspecified LayeredTech",
            "image": "xxx",
            "lbr_region": "test",
            "key_name": "dbaas",
            "security_group": "",
            "latitude": 0,
            "longitude": 0
        }
    },
    {
        "model": "api.region",
        "pk": 17,
        "fields": {
            "provider": 6,
            "code": "datapipe",
            "name": "Unspecified DataPipe",
            "image": "xxx",
            "lbr_region": "test",
            "key_name": "dbaas",
            "security_group": "",
            "latitude": 0,
            "longitude": 0
        }
    },
    {
        "model": "api.region",
        "pk": 19,
        "fields": {
            "provider": 8,
            "code": "NORTH_AMERICA",
            "name": "PB Nevada, USA",
            "image": "dbaas-image.img",
            "lbr_region": "us-west-1",
            "key_name": "dbaas",
            "security_group": "",
            "latitude": 36.08,
            "longitude": -115.15
        }
    },
    {
        "model": "api.region",
        "pk": 20,
        "fields": {
            "provider": 8,
            "code": "EUROPE",
            "name": "PB Germany",
            "image": "dbaas-image.img",
            "lbr_region": "eu-west-1",
            "key_name": "dbaas",
            "security_group": "",
            "latitude": 51.5,
            "longitude": 9.9
        }
    },
    {
        "model": "api.region",
        "pk": 21,
        "fields": {
            "provider": 7,
            "code": "us-central1-a",
            "name": "GCE USA1a",
            "image": "dbaas-gce-salt-v5",
            "lbr_region": "us-west-1",
            "key_name": "dbaas",
            "security_group": "",
            "latitude": 40,
            "longitude": -100
        }
    },
    {
        "model": "api.region",
        "pk": 22,
        "fields": {
            "provider": 7,
            "code": "us-central1-b",
            "name": "GCE USA1b",
            "image": "dbaas-gce-salt-v5",
            "lbr_region": "us-west-1",
            "key_name": "dbaas",
            "security_group": "",
            "latitude": 40,
            "longitude": -100
        }
    },
    {
        "model": "api.region",
        "pk": 24,
        "fields": {
            "provider": 7,
            "code": "europe-west1-a",
            "name": "GCE Europe 1a",
            "image": "dbaas-gce-salt-v5",
            "lbr_region": "eu-west-1",
            "key_name": "dbaas",
            "security_group": "",
            "latitude": 46,
            "longitude": 7
        }
    },
    {
        "model": "api.region",
        "pk": 25,
        "fields": {
            "provider": 7,
            "code": "europe-west1-b",
            "name": "GCE Europe 1b",
            "image": "dbaas-gce-salt-v5",
            "lbr_region": "eu-west-1",
            "key_name": "dbaas",
            "security_group": "",
            "latitude": 46,
            "longitude": 7
        }
    },
    {
        "model": "api.flavor",
        "pk": 1,
        "fields": {
            "provider": 1,
            "code": "t1.micro",
            "name": "t1.micro",
            "description": "Suitable for test machines to explore functionality.",
            "ram": 630,
            "cpus": 1
        }
    },
    {
        "model": "api.flavor",
        "pk": 2,
        "fields": {
            "provider": 1,
            "code": "m1.small",
            "name": "m1.small",
            "description": "Suitable for low traffic sites.",
            "ram": 1741,
            "cpus": 1
        }
    },
    {
        "model": "api.flavor",
        "pk": 3,
        "fields": {
            "provider": 1,
            "code": "m1.medium",
            "name": "m1.medium",
            "ram": 3840,
            "cpus": 1
        }
    },
    {
        "model": "api.flavor",
        "pk": 4,
        "fields": {
            "provider": 1,
            "code": "m1.large",
            "name": "m1.large",
            "ram": 7680,
            "cpus": 2
        }
    },
    {
        "model": "api.flavor",
        "pk": 5,
        "fields": {
            "provider": 1,
            "code": "m1.xlarge",
            "name": "m1.xlarge",
            "ram": 15360,
            "cpus": 4
        }
    },
    {
        "model": "api.flavor",
        "pk": 6,
        "fields": {
            "provider": 1,
            "code": "m3.xlarge",
            "name": "m3.xlarge",
            "ram": 15360,
            "cpus": 4
        }
    },
    {
        "model": "api.flavor",
        "pk": 7,
        "fields": {
            "provider": 1,
            "code": "m3.2xlarge",
            "name": "m3.2xlarge",
            "ram": 30720,
            "cpus": 8
        }
    },
    {
        "model": "api.flavor",
        "pk": 8,
        "fields": {
            "provider": 1,
            "code": "c1.medium",
            "name": "c1.medium",
            "ram": 1741,
            "cpus": 2
        }
    },
    {
        "model": "api.flavor",
        "pk": 9,
        "fields": {
            "provider": 1,
            "code": "c1.xlarge",
            "name": "c1.xlarge",
            "ram": 7168,
            "cpus": 8
        }
    },
    {
        "model": "api.flavor",
        "pk": 10,
        "fields": {
            "provider": 1,
            "code": "cc2.8xlarge",
            "name": "cc2.8xlarge",
            "ram": 61952,
            "cpus": 32
        }
    },
    {
        "model": "api.flavor",
        "pk": 11,
        "fields": {
            "provider": 1,
            "code": "m2.xlarge",
            "name": "m2.xlarge",
            "ram": 17510,
            "cpus": 2
        }
    },
    {
        "model": "api.flavor",
        "pk": 12,
        "fields": {
            "provider": 1,
            "code": "m2.2xlarge",
            "name": "m2.2xlarge",
            "ram": 35021,
            "cpus": 4
        }
    },
    {
        "model": "api.flavor",
        "pk": 13,
        "fields": {
            "provider": 1,
            "code": "m2.4xlarge",
            "name": "m2.4xlarge",
            "ram": 70042,
            "cpus": 8
        }
    },
    {
        "model": "api.flavor",
        "pk": 14,
        "fields": {
            "provider": 1,
            "code": "cr1.8xlarge",
            "name": "cr1.8xlarge",
            "ram": 229376,
            "cpus": 32
        }
    },
    {
        "model": "api.flavor",
        "pk": 15,
        "fields": {
            "provider": 1,
            "code": "hi1.4xlarge",
            "name": "hi1.4xlarge",
            "ram": 61952,
            "cpus": 16
        }
    },
    {
        "model": "api.flavor",
        "pk": 16,
        "fields": {
            "provider": 1,
            "code": "hs1.8xlarge",
            "name": "hs1.8xlarge",
            "ram": 119808,
            "cpus": 16
        }
    },
    {
        "model": "api.flavor",
        "pk": 18,
        "fields": {
            "provider": 2,
            "code": "2",
            "name": "512MB Standard Instance",
            "ram": 512,
            "cpus": 1
        }
    },
    {
        "model": "api.flavor",
        "pk": 19,
        "fields": {
            "provider": 2,
            "code": "3",
            "name": "1GB Standard Instance",
            "ram": 1024,
            "cpus": 1
        }
    },
    {
        "model": "api.flavor",
        "pk": 20,
        "fields": {
            "provider": 2,
            "code": "4",
            "name": "2GB Standard Instance",
            "ram": 2048,
            "cpus": 2
        }
    },
    {
        "model": "api.flavor",
        "pk": 21,
        "fields": {
            "provider": 2,
            "code": "5",
            "name": "4GB Standard Instance",
            "ram": 4096,
            "cpus": 2
        }
    },
    {
        "model": "api.flavor",
        "pk": 22,
        "fields": {
            "provider": 2,
            "code": "6",
            "name": "8GB Standard Instance",
            "ram": 8192,
            "cpus": 4
        }
    },
    {
        "model": "api.flavor",
        "pk": 23,
        "fields": {
            "provider": 2,
            "code": "7",
            "name": "15GB Standard Instance",
            "ram": 15872,
            "cpus": 6
        }
    },
    {
        "model": "api.flavor",
        "pk": 24,
        "fields": {
            "provider": 2,
            "code": "8",
            "name": "30GB Standard Instance",
            "ram": 30720,
            "cpus": 8
        }
    },
    {
        "model": "api.flavor",
        "pk": 25,
        "fields": {
            "provider": 3,
            "code": "test-small",
            "name": "Small Fake Instance",
            "ram": 2048,
            "cpus": 1
        }
    },
    {
        "model": "api.flavor",
        "pk": 26,
        "fields": {
            "provider": 3,
            "code": "test-medium",
            "name": "Medium Fake Instance",
            "ram": 4096,
            "cpus": 2
        }
    },
    {
        "model": "api.flavor",
        "pk": 27,
        "fields": {
            "provider": 3,
            "code": "test-large",
            "name": "Large Fake Instance",
            "ram": 8192,
            "cpus": 4
        }
    },
    {
        "model": "api.flavor",
        "pk": 28,
        "fields": {
            "provider": 4,
            "code": "hp",
            "name": "Unspecified HP Cloud",
            "ram": 1,
            "cpus": 1
        }
    },
    {
        "model": "api.flavor",
        "pk": 29,
        "fields": {
            "provider": 5,
            "code": "layeredtech",
            "name": "Unspecified LayeredTech",
            "ram": 1,
            "cpus": 1
        }
    },
    {
        "model": "api.flavor",
        "pk": 30,
        "fields": {
            "provider": 6,
            "code": "datapipe",
            "name": "Unspecified DataPipe",
            "ram": 1,
            "cpus": 1
        }
    },
    {
        "model": "api.flavor",
        "pk": 33,
        "fields": {
            "provider": 7,
            "code": "f1-micro",
            "name": "f1-micro",
            "ram": 600,
            "cpus": 1
        }
    },
    {
        "model": "api.flavor",
        "pk": 34,
        "fields": {
            "provider": 7,
            "code": "g1-small",
            "name": "g1-small",
            "ram": 1700,
            "cpus": 1
        }
    },
    {
        "model": "api.flavor",
        "pk": 35,
        "fields": {
            "provider": 7,
            "code": "n1-standard-1-d",
            "name": "n1-standard-1-d",
            "ram": 3750,
            "cpus": 1
        }
    },
    {
        "model": "api.flavor",
        "pk": 36,
        "fields": {
            "provider": 7,
            "code": "n1-standard-2-d",
            "name": "n1-standard-2-d",
            "ram": 7500,
            "cpus": 2
        }
    },
    {
        "model": "api.flavor",
        "pk": 37,
        "fields": {
            "provider": 7,
            "code": "n1-standard-4-d",
            "name": "n1-standard-4-d",
            "ram": 15000,
            "cpus": 4
        }
    },
    {
        "model": "api.flavor",
        "pk": 38,
        "fields": {
            "provider": 7,
            "code": "n1-standard-8-d",
            "name": "n1-standard-8-d",
            "ram": 30000,
            "cpus": 8
        }
    },
    {
        "model": "api.flavor",
        "pk": 39,
        "fields": {
            "provider": 7,
            "code": "n1-standard-1",
            "name": "n1-standard-1",
            "ram": 3750,
            "cpus": 1
        }
    },
    {
        "model": "api.flavor",
        "pk": 40,
        "fields": {
            "provider": 7,
            "code": "n1-standard-2",
            "name": "n1-standard-2",
            "ram": 7500,
            "cpus": 2
        }
    },
    {
        "model": "api.flavor",
        "pk": 41,
        "fields": {
            "provider": 7,
            "code": "n1-standard-4",
            "name": "n1-standard-4",
            "ram": 15000,
            "cpus": 4
        }
    },
    {
        "model": "api.flavor",
        "pk": 42,
        "fields": {
            "provider": 7,
            "code": "n1-standard-8",
            "name": "n1-standard-8",
            "ram": 30000,
            "cpus": 8
        }
    },
    {
        "model": "api.flavor",
        "pk": 48,
        "fields": {
            "provider": 7,
            "code": "n1-highmem-2-d",
            "name": "n1-highmem-2-d",
            "ram": 13000,
            "cpus": 2
        }
    },
    {
        "model": "api.flavor",
        "pk": 49,
        "fields": {
            "provider": 7,
            "code": "n1-highmem-4-d",
            "name": "n1-highmem-4-d",
            "ram": 26000,
            "cpus": 4
        }
    },
    {
        "model": "api.flavor",
        "pk": 50,
        "fields": {
            "provider": 7,
            "code": "n1-highmem-8-d",
            "name": "n1-highmem-8-d",
            "ram": 52000,
            "cpus": 8
        }
    },
    {
        "model": "api.flavor",
        "pk": 51,
        "fields": {
            "provider": 7,
            "code": "n1-highmem-2",
            "name": "n1-highmem-2",
            "ram": 13000,
            "cpus": 2
        }
    },
    {
        "model": "api.flavor",
        "pk": 52,
        "fields": {
            "provider": 7,
            "code": "n1-highmem-4",
            "name": "n1-highmem-4",
            "ram": 26000,
            "cpus": 4
        }
    },
    {
        "model": "api.flavor",
        "pk": 53,
        "fields": {
            "provider": 7,
            "code": "n1-highmem-8",
            "name": "n1-highmem-8",
            "ram": 52000,
            "cpus": 8
        }
    },
    {
        "model": "api.flavor",
        "pk": 54,
        "fields": {
            "provider": 7,
            "code": "n1-highcpu-2-d",
            "name": "n1-highcpu-2-d",
            "ram": 1800,
            "cpus": 2
        }
    },
    {
        "model": "api.flavor",
        "pk": 55,
        "fields": {
            "provider": 7,
            "code": "n1-highcpu-4-d",
            "name": "n1-highcpu-4-d",
            "ram": 3600,
            "cpus": 4
        }
    },
    {
        "model": "api.flavor",
        "pk": 56,
        "fields": {
            "provider": 7,
            "code": "n1-highcpu-8-d",
            "name": "n1-highcpu-8-d",
            "ram": 7200,
            "cpus": 8
        }
    },
    {
        "model": "api.flavor",
        "pk": 57,
        "fields": {
            "provider": 7,
            "code": "n1-highcpu-2",
            "name": "n1-highcpu-2",
            "ram": 1800,
            "cpus": 2
        }
    },
    {
        "model": "api.flavor",
        "pk": 58,
        "fields": {
            "provider": 7,
            "code": "n1-highcpu-4",
            "name": "n1-highcpu-4",
            "ram": 3600,
            "cpus": 4
        }
    },
    {
        "model": "api.flavor",
        "pk": 59,
        "fields": {
            "provider": 7,
            "code": "n1-highcpu-8",
            "name": "n1-highcpu-8",
            "ram": 7200,
            "cpus": 8
        }
    },
    {
        "model": "api.flavor",
        "pk": 43,
        "fields": {
            "provider": 8,
            "code": "pb.std1",
            "name": "pb.std1",
            "description": "1 cpu, 2GB",
            "ram": 2048,
            "cpus": 1
        }
    },
    {
        "model": "api.flavor",
        "pk": 44,
        "fields": {
            "provider": 8,
            "code": "pb.std2",
            "name": "pb.std2",
            "description": "2 cpu, 4GB",
            "ram": 4096,
            "cpus": 2
        }
    },
    {
        "model": "api.flavor",
        "pk": 45,
        "fields": {
            "provider": 8,
            "code": "pb.std4",
            "name": "pb.std4",
            "description": "4 cpu, 8GB",
            "ram": 8192,
            "cpus": 4
        }
    },
    {
        "model": "api.flavor",
        "pk": 46,
        "fields": {
            "provider": 8,
            "code": "pb.std6",
            "name": "pb.std6",
            "description": "6 cpu, 12GB",
            "ram": 12288,
            "cpus": 6
        }
    },
    {
        "model": "api.flavor",
        "pk": 47,
        "fields": {
            "provider": 8,
            "code": "pb.std8",
            "name": "pb.std8",
            "description": "8 cpu, 16GB",
            "ram": 16384,
            "cpus": 8
        }
    },
    {
        "model": "api.rule",
        "pk": 1,
        "fields": {
            "condition": "user_not_launched_after_2days",
            "action": "no_cluster_email_2days"
        }
    },
    {
        "model": "api.rule",
        "pk": 2,
        "fields": {
            "condition": "user_not_launched_after_5days",
            "action": "no_cluster_email_5days"
        }
    },
    {
        "model": "api.rule",
        "pk": 3,
        "fields": {
            "condition": "user_not_launched_after_10days",
            "action": "no_cluster_email_10days"
        }
    },
    {
        "model": "api.rule",
        "pk": 4,
        "fields": {
            "condition": "user_near_expiry",
            "action": "near_expiry_email"
        }
    }
]
